﻿[
  {
    "ItemId": 1,
    "ItemName": "Thumbs up",
    "Price": 100,
    "Discount": "10%"
  },
  {
    "ItemId": 2,
    "ItemName": "Toilet Cleaner",
    "Price": 250,
    "Discount": "10%"
  },
  {
    "ItemId": 3,
    "ItemName": "Mangoes",
    "Price": 120,
    "Discount": "0%"
  },
  {
    "ItemId": 4,
    "ItemName": "Cooking Oil",
    "Price": 150,
    "Discount": "3~1"
  },
  {
    "ItemId": 5,
    "ItemName": "Sugar",
    "Price": 40,
    "Discount": "0%"
  },
  {
    "ItemId": 6,
    "ItemName": "Tea",
    "Price": 125,
    "Discount": "5%"
  },
  {
    "ItemId": 7,
    "ItemName": "Bulbs",
    "Price": 70,
    "Discount": "0%"
  },
  {
    "ItemId": 8,
    "ItemName": "Envelop",
    "Price": 2,
    "Discount": "2~1"
  },
  {
    "ItemId": 9,
    "ItemName": "Parle-G",
    "Price": 2,
    "Discount": "2%"
  }
]